Gene,q_value,p_value,cliffs_delta,delta_median(label1 - label0),median_label0,median_label1,n_label0,n_label1,effect_size_magnitude,direction
MC2R,6.491220028584787e-05,7.684948731552629e-08,1.0,0.10748000673104789,-0.10244298294948084,0.0050370237815670505,16,26,large,higher_in_label1(disease)
MDK,6.491220028584787e-05,7.684948731552629e-08,1.0,0.31179242153533926,-0.2904765713294651,0.021315850205874197,16,26,large,higher_in_label1(disease)
RASAL1,6.491220028584787e-05,7.684948731552629e-08,1.0,0.0042906871414755245,-0.00357253263171165,0.0007181545097638749,16,26,large,higher_in_label1(disease)
ATP1B2,6.604966390467159e-05,1.3585191879182706e-07,0.9807692307692308,0.04224428268491641,-0.036705981430230655,0.005538301254685751,16,26,large,higher_in_label1(disease)
TWIST1,6.604966390467159e-05,1.3585191879182706e-07,0.9807692307692308,0.2623221461654565,-0.25018154949737537,0.012140596668081125,16,26,large,higher_in_label1(disease)
RPN1,6.604966390467159e-05,1.563922586535239e-07,-0.9759615384615384,-0.056279428131394596,0.038065976978500074,-0.018213451152894525,16,26,large,higher_in_label0(control)
DGKB,0.00022330112854816793,6.168539462656573e-07,0.9278846153846154,0.05741535811075708,-0.05283921144665868,0.0045761466640984,16,26,large,higher_in_label1(disease)
VPS4A,0.0004065172020174888,1.5509199478497785e-06,0.8942307692307692,0.15417866373129677,-0.13846400841366413,0.015714655317632626,16,26,large,higher_in_label1(disease)
ID1,0.0004065172020174888,1.5509199478497785e-06,0.8942307692307692,0.07692954125531559,-0.07200152285322467,0.004928018402090925,16,26,large,higher_in_label1(disease)
ADRB3,0.0004065172020174888,1.7646760939985703e-06,0.8894230769230769,0.07822013466156265,-0.07803708613227245,0.00018304852929020438,16,26,large,higher_in_label1(disease)
PTHLH,0.0004065172020174888,1.7646760939985703e-06,0.8894230769230769,0.0945865230961098,-0.09434613450936186,0.00024038858674795,16,26,large,higher_in_label1(disease)
RPS6KA2,0.0004237257986233434,2.0065941529124395e-06,0.8846153846153846,0.039233402318483976,-0.0334338086505263,0.005799593667957675,16,26,large,higher_in_label1(disease)
TAAR8,0.00044446375559632344,2.280200798244753e-06,-0.8798076923076923,-0.026512156194666976,0.028689759475391,0.002177603280724025,16,26,large,higher_in_label0(control)
GNAO1,0.0004686885270567846,2.5894393760043345e-06,0.875,0.03572093424109306,-0.03209444615211618,0.003626488088976875,16,26,large,higher_in_label1(disease)
WNT5B,0.0004964470687231074,2.9387158764193414e-06,-0.8701923076923077,-0.0422809117222573,0.0383890850209246,-0.0038918267013327,16,26,large,higher_in_label0(control)
ANO7,0.0004968055420023416,3.3329495714442805e-06,-0.8653846153846154,-0.025866513380768452,0.013366073471766101,-0.012500439909002351,16,26,large,higher_in_label0(control)
RRAD,0.0004968055420023416,3.3329495714442805e-06,0.8653846153846154,0.027045912576745237,-0.0269702528609641,7.565971578113646e-05,16,26,large,higher_in_label1(disease)
PDE6G,0.0005163172165834711,3.7776287430436627e-06,0.8605769230769231,0.0629810124130559,-0.05903741355248937,0.003943598860566526,16,26,large,higher_in_label1(disease)
DHRS9,0.0005163172165834711,4.2788719606365e-06,0.8557692307692308,0.0327251665547308,-0.0293174670374211,0.0034076995173097,16,26,large,higher_in_label1(disease)
ARHGDIG,0.0005163172165834711,4.2788719606365e-06,-0.8557692307692308,-0.06429073392863907,0.0560555333697562,-0.008235200558882876,16,26,large,higher_in_label0(control)
PIP5K1B,0.0005163172165834711,4.2788719606365e-06,0.8557692307692308,0.10652999060318975,-0.10277941317255733,0.0037505774306324253,16,26,large,higher_in_label1(disease)
TRADD,0.0006820236969617357,6.1940862071901e-06,0.8413461538461537,0.09819869566403652,-0.09196406744359235,0.006234628220444176,16,26,large,higher_in_label1(disease)
ALDH1A3,0.0006820236969617357,6.9978753437273594e-06,-0.8365384615384616,-0.0352384875445072,0.02568099987248345,-0.00955748767202375,16,26,large,higher_in_label0(control)
RHOH,0.0006820236969617357,6.9978753437273594e-06,0.8365384615384615,0.024912378542201675,-0.0169400043037779,0.007972374238423775,16,26,large,higher_in_label1(disease)
FXYD4,0.0006820236969617357,6.9978753437273594e-06,0.8365384615384615,0.0392122347531433,-0.033376745432934604,0.0058354893202087,16,26,large,higher_in_label1(disease)
PKN1,0.0006820236969617357,6.9978753437273594e-06,0.8365384615384615,0.044259053021114325,-0.036206326890107346,0.008052726131006976,16,26,large,higher_in_label1(disease)
STMN2,0.00074151167928271,7.900874246500857e-06,-0.8317307692307692,-0.0108006198253515,0.00844293774308165,-0.0023576820822698496,16,26,large,higher_in_label0(control)
PTH,0.0007959945083545186,8.914647868285566e-06,0.8269230769230769,0.009566153079223424,-0.011087076918389099,-0.0015209238391656749,16,26,large,higher_in_label1(disease)
GSK3A,0.0007959945083545186,1.0052022204950511e-05,-0.8221153846153846,-0.06773640834540748,0.06441724805590013,-0.00331916028950735,16,26,large,higher_in_label0(control)
PDCD1,0.0007959945083545186,1.0052022204950511e-05,-0.8221153846153846,-0.008720059752463899,0.0078636578146838,-0.0008564019377801,16,26,large,higher_in_label0(control)
ATP6V1H,0.0007959945083545186,1.0052022204950511e-05,-0.8221153846153846,-0.141184983613591,0.12975687492619198,-0.011428108687399026,16,26,large,higher_in_label0(control)
TF,0.0007959945083545186,1.0052022204950511e-05,-0.8221153846153846,-0.0200732458116206,0.020039722103355626,-3.3523708264974174e-05,16,26,large,higher_in_label0(control)
FZD5,0.0008697925162282536,1.1327211142672599e-05,0.8173076923076923,0.05901064849033947,-0.04961160093435562,0.00939904755598385,16,26,large,higher_in_label1(disease)
CRHR1,0.0008736105275560699,1.2755954822247271e-05,-0.8125,-0.06550640000902075,0.06377108391963707,-0.001735316089383675,16,26,large,higher_in_label0(control)
COL1A1,0.0008736105275560699,1.2755954822247271e-05,-0.8125,-0.01101432768942515,0.00507500021265865,-0.005939327476766501,16,26,large,higher_in_label0(control)
TAAR6,0.0008736105275560699,1.2755954822247271e-05,0.8125,0.0364286195975308,-0.03624890675576605,0.00017971284176475,16,26,large,higher_in_label1(disease)
NTF3,0.0008736105275560699,1.2755954822247271e-05,-0.8125,-0.2041274812431121,0.1732045914186066,-0.0309228898245055,16,26,large,higher_in_label0(control)
NEURL1B,0.0009572965491004377,1.4355670428499067e-05,0.8076923076923077,0.14099508007762218,-0.10885009552125025,0.03214498455637192,16,26,large,higher_in_label1(disease)
S100A9,0.001179094297179273,1.8147070872135615e-05,0.7980769230769231,0.009225987259918099,-0.0056798882422386,0.0035460990176795,16,26,large,higher_in_label1(disease)
TAAR5,0.0012912963766773505,2.0383526072254943e-05,0.7932692307692308,0.003172659313162575,-0.003551117860714275,-0.00037845854755169997,16,26,large,higher_in_label1(disease)
hsa-mir-34c,0.0013804808918272617,2.2880898759567872e-05,0.7884615384615385,0.030772779087695795,-0.025800545826141122,0.004972233261554675,16,26,large,higher_in_label1(disease)
CD8B,0.0013804808918272617,2.2880898759567872e-05,-0.7884615384615384,-0.10664904037338259,0.09703562100324811,-0.009613419370134477,16,26,large,higher_in_label0(control)
CRH,0.001478229573907256,2.566775897865796e-05,-0.7836538461538461,-0.0157433612502861,0.016651807774847,0.0009084465245609001,16,26,large,higher_in_label0(control)
HTR4,0.001478229573907256,2.566775897865796e-05,-0.7836538461538461,-0.04974251361028763,0.04968341031866558,-5.910329162205022e-05,16,26,large,higher_in_label0(control)
FGR,0.0015710310458262665,2.8775577772782754e-05,-0.7788461538461539,-0.041452579415282825,0.031316266432019624,-0.0101363129832632,16,26,large,higher_in_label0(control)
TRPC7,0.0015710310458262665,2.8775577772782754e-05,-0.7788461538461539,-0.010160501717363074,0.0111026050693673,0.000942103352004225,16,26,large,higher_in_label0(control)
PSMC3,0.0015710310458262665,3.2238995415535066e-05,-0.7740384615384616,-0.10384541202256331,0.09183800900455436,-0.01200740301800895,16,26,large,higher_in_label0(control)
MAN1B1,0.0015710310458262665,3.2238995415535066e-05,0.7740384615384615,0.01484743857420105,-0.01240978257842365,0.0024376559957774,16,26,large,higher_in_label1(disease)
GNG4,0.0015710310458262665,3.2238995415535066e-05,0.7740384615384615,0.11567965995880726,-0.10061557267041676,0.0150640872883905,16,26,large,higher_in_label1(disease)
GNG5,0.0015710310458262665,3.2238995415535066e-05,0.7740384615384615,0.34879496021257034,-0.32035395674516487,0.028441003467405475,16,26,large,higher_in_label1(disease)
RGS4,0.0015710310458262665,3.2238995415535066e-05,0.7740384615384615,0.08248845538561456,-0.07868786509854712,0.003800590287067425,16,26,large,higher_in_label1(disease)
USP13,0.0015710310458262665,3.2238995415535066e-05,0.7740384615384615,0.001599651680111175,-0.001357534103727525,0.00024211757638364998,16,26,large,higher_in_label1(disease)
GLP1R,0.0016938434566769855,3.609611154718122e-05,0.7692307692307692,0.02833237438571675,-0.018944938953695853,0.0093874354320209,16,26,large,higher_in_label1(disease)
IL32,0.0016938434566769855,3.609611154718122e-05,0.7692307692307692,0.028148011431816347,-0.024297235052637874,0.003850776379178475,16,26,large,higher_in_label1(disease)
MFNG,0.0017955301037064024,4.0388798702156645e-05,-0.7644230769230769,-0.0020930767487982753,0.001377323369920225,-0.00071575337887805,16,26,large,higher_in_label0(control)
PCBP2,0.0017955301037064024,4.0388798702156645e-05,-0.7644230769230769,-0.03172818264613088,0.03192094673701902,0.00019276409088814076,16,26,large,higher_in_label0(control)
RAD1,0.0017955301037064024,4.0388798702156645e-05,0.7644230769230769,0.07606500953225451,-0.07181892627021558,0.004246083262038925,16,26,large,higher_in_label1(disease)
PPIA,0.0019731576784281883,4.516304078485988e-05,0.7596153846153846,0.11689732823385551,-0.10199740219497702,0.014899926038878498,16,26,large,higher_in_label1(disease)
GNAT3,0.002380393176692542,5.636290078987865e-05,0.75,0.08312672603690635,-0.09306187061287508,-0.009935144575968724,16,26,large,higher_in_label1(disease)
PRKCQ,0.002380393176692542,5.636290078987865e-05,0.75,0.05721289269559828,-0.05394837854340353,0.00326451415219475,16,26,large,higher_in_label1(disease)
PRKAR2A,0.002530157651094604,6.290447198853988e-05,0.7451923076923077,0.14759508247320252,-0.14185187839295368,0.00574320408024885,16,26,large,higher_in_label1(disease)
PSENEN,0.002530157651094604,6.290447198853988e-05,0.7451923076923077,0.2577218187814736,-0.249059024069771,0.008662794711702601,16,26,large,higher_in_label1(disease)
RGS20,0.002530157651094604,6.290447198853988e-05,-0.7451923076923077,-0.010595095597875049,0.010066867508701848,-0.0005282280891732,16,26,large,higher_in_label0(control)
SLC25A5,0.0026937335042148875,7.016038329841459e-05,-0.7403846153846154,-0.0786694152281314,0.0780786020617931,-0.0005908131663382999,16,26,large,higher_in_label0(control)
ATP1A1,0.0026937335042148875,7.016038329841459e-05,0.7403846153846154,0.0041423582546696504,-0.0036750393701749503,0.0004673188844947,16,26,large,higher_in_label1(disease)
PORCN,0.0026937335042148875,7.016038329841459e-05,-0.7403846153846154,-0.03446249215734483,0.03452357296526773,6.108080792290131e-05,16,26,large,higher_in_label0(control)
P2RY4,0.002871985791508402,7.820324373089176e-05,-0.7355769230769231,-0.01725428183361355,0.018150296737003774,0.0008960149033902249,16,26,large,higher_in_label0(control)
ACTC1,0.002871985791508402,7.820324373089176e-05,-0.7355769230769231,-0.03374472506894347,0.03551216375258655,0.001767438683643075,16,26,large,higher_in_label0(control)
USP9X,0.002871985791508402,7.820324373089176e-05,0.7355769230769231,0.04455887610828072,-0.0452845279876751,-0.0007256518793943749,16,26,large,higher_in_label1(disease)
NCK1,0.0031090547013552074,8.711242454468024e-05,-0.7307692307692308,-0.06915066167126124,0.06845408323406757,-0.0006965784371936749,16,26,large,higher_in_label0(control)
RFC5,0.0031090547013552074,8.711242454468024e-05,-0.7307692307692308,-0.08065537702680291,0.07812579684903943,-0.002529580177763475,16,26,large,higher_in_label0(control)
ANO1,0.0032764492241377243,9.697462186674401e-05,0.7259615384615385,0.028519131481238802,-0.0200709353968769,0.008448196084361901,16,26,large,higher_in_label1(disease)
DERL3,0.0032764492241377243,9.697462186674401e-05,0.7259615384615385,0.023702581483319274,-0.01607930693014755,0.007623274553171725,16,26,large,higher_in_label1(disease)
CSN2,0.0032764492241377243,9.697462186674401e-05,-0.7259615384615384,-0.008586238297867175,0.0057514120625954,-0.002834826235271775,16,26,large,higher_in_label0(control)
PTPN3,0.0032764492241377243,9.697462186674401e-05,-0.7259615384615384,-0.028948580022839596,0.029615540755950548,0.00066696073311095,16,26,large,higher_in_label0(control)
GABRG3,0.0035503794760359205,0.00010788445921656111,0.7211538461538463,0.0015982538673598049,-0.0016085953775222248,-1.034151016241995e-05,16,26,large,higher_in_label1(disease)
hsa-mir-92b,0.0035503794760359205,0.00010788445921656111,0.7211538461538463,0.022666579220306952,-0.018452530360668302,0.00421404885963865,16,26,large,higher_in_label1(disease)
SPCS2,0.0038966790348073767,0.00011994513208957198,-0.7163461538461539,-0.016803871626363952,0.01017026895980855,-0.0066336026665554,16,26,large,higher_in_label0(control)
ADCY2,0.004118340137949836,0.0001332690968081636,0.7115384615384615,0.29980171965715674,-0.29399782337445435,0.005803896282702375,16,26,large,higher_in_label1(disease)
COL1A2,0.004118340137949836,0.0001332690968081636,0.7115384615384615,0.02704293541877635,-0.02523680071157585,0.0018061347072005,16,26,large,higher_in_label1(disease)
GFAP,0.004118340137949836,0.0001332690968081636,0.7115384615384615,0.002981690642691886,-0.0029735392392897997,8.151403402086623e-06,16,26,large,higher_in_label1(disease)
ATP1A4,0.004118340137949836,0.0001332690968081636,0.7115384615384615,0.006832119629883075,-0.00601970801290475,0.0008124116169783251,16,26,large,higher_in_label1(disease)
DUSP7,0.004517810772767959,0.0001479788058957145,-0.7067307692307692,-0.08704149345318463,0.07535668890426245,-0.011684804548922175,16,26,large,higher_in_label0(control)
VPS33B,0.004895315122503764,0.00016420749227025254,-0.7019230769230769,-0.019417385749059626,0.018290155664161402,-0.001127230084898225,16,26,large,higher_in_label0(control)
SPTBN1,0.004895315122503764,0.00016420749227025254,0.7019230769230769,0.036025946903831846,-0.03163798496300685,0.0043879619408250005,16,26,large,higher_in_label1(disease)
ARPC1A,0.005184734962097927,0.00018210000458828552,-0.6971153846153846,-0.024844040372247776,0.02229130222403125,-0.0025527381482165247,16,26,large,higher_in_label0(control)
HHAT,0.005184734962097927,0.00018210000458828552,0.6971153846153846,0.014284108442832524,-0.008272196571166525,0.006011911871666,16,26,large,higher_in_label1(disease)
WNT10A,0.005184734962097927,0.00018210000458828552,-0.6971153846153846,-0.02157655882791682,0.017921518877405097,-0.003655039950511725,16,26,large,higher_in_label0(control)
CD163,0.005184734962097927,0.00018210000458828552,-0.6971153846153846,-0.00299670043292565,0.0021437966319457,-0.00085290380097995,16,26,large,higher_in_label0(control)
DLK1,0.0056821767322870935,0.0002018136960954374,-0.6923076923076923,-0.01246290203899065,0.011766554538883575,-0.000696347500107075,16,26,large,higher_in_label0(control)
MUC17,0.005962085073182037,0.00022351936935765333,-0.6875,-0.025265188901942726,0.029436917611486077,0.004171728709543351,16,26,large,higher_in_label0(control)
ATP1A3,0.005962085073182037,0.00022351936935765333,0.6875,0.0282642282889714,-0.02544134396273805,0.0028228843262333497,16,26,large,higher_in_label1(disease)
DYNC1LI1,0.005962085073182037,0.00022351936935765333,-0.6875,-0.01713163837344465,0.013632805815164201,-0.00349883255828045,16,26,large,higher_in_label0(control)
HDAC7,0.005962085073182037,0.00022351936935765333,0.6875,0.04301813851056255,-0.043592941033855026,-0.0005748025232924747,16,26,large,higher_in_label1(disease)
SLC1A5,0.005962085073182037,0.00022351936935765333,-0.6875,-0.021000366931104703,0.020080118747306752,-0.00092024818379795,16,26,large,higher_in_label0(control)
SNF8,0.006332498743732581,0.0002474022792539564,0.6826923076923077,0.04825558340478973,-0.041867823280359526,0.0063877601244302,16,26,large,higher_in_label1(disease)
DDOST,0.006332498743732581,0.0002474022792539564,-0.6826923076923077,-0.0261655560815876,0.014451898353593076,-0.011713657727994525,16,26,large,higher_in_label0(control)
NTRK1,0.006332498743732581,0.0002474022792539564,-0.6826923076923077,-0.0236338170975877,0.019750904826237776,-0.0038829122713499253,16,26,large,higher_in_label0(control)
TGFB1,0.006332498743732581,0.0002474022792539564,0.6826923076923077,0.042647138660619116,-0.008844236987580413,0.033802901673038704,16,26,large,higher_in_label1(disease)
POLR2C,0.0067326460214031415,0.00027366319660794146,0.6778846153846154,0.07998464422453061,-0.03840541407972953,0.041579230144801076,16,26,large,higher_in_label1(disease)
POLR2J,0.0067326460214031415,0.00027366319660794146,0.6778846153846154,0.16921180523954363,-0.13530496274131415,0.03390684249822948,16,26,large,higher_in_label1(disease)
RANBP10,0.0067326460214031415,0.00027366319660794146,-0.6778846153846154,-0.0005096780020219157,0.000548504964957225,3.88269629353093e-05,16,26,large,higher_in_label0(control)
hsa-mir-34b,0.0067326460214031415,0.00027366319660794146,0.6778846153846154,0.02852972990380205,-0.017706805790336125,0.010822924113465925,16,26,large,higher_in_label1(disease)
PIK3R6,0.007098004641038257,0.0003025195348193101,0.6730769230769231,0.018278022874450975,-0.01185256549932745,0.006425457375123525,16,26,large,higher_in_label1(disease)
DNMT1,0.007098004641038257,0.0003025195348193101,0.6730769230769231,0.044138775995406374,-0.043665037439413995,0.000473738555992375,16,26,large,higher_in_label1(disease)
ATP1A2,0.007098004641038257,0.0003025195348193101,-0.6730769230769231,-0.013430501814832574,0.011196915627919624,-0.00223358618691295,16,26,large,higher_in_label0(control)
ST6GAL1,0.007098004641038257,0.0003025195348193101,-0.6730769230769231,-0.030258770697866276,0.01835393341941895,-0.011904837278447324,16,26,large,higher_in_label0(control)
FGF18,0.007098004641038257,0.0003025195348193101,0.6730769230769231,0.16289586017247398,-0.07643365075648492,0.08646220941598906,16,26,large,higher_in_label1(disease)
GZMB,0.007494507760984668,0.0003342065418276509,0.6682692307692308,0.060710199553351274,-0.05432347442087587,0.0063867251324754,16,26,large,higher_in_label1(disease)
SKP2,0.007494507760984668,0.0003342065418276509,0.6682692307692308,0.03538610730705991,-0.03537477818690063,1.132912015928373e-05,16,26,large,higher_in_label1(disease)
BST2,0.007494507760984668,0.0003342065418276509,0.6682692307692308,0.03791352839079615,-0.032543756079931575,0.0053697723108645755,16,26,large,higher_in_label1(disease)
SNX3,0.007494507760984668,0.0003342065418276509,-0.6682692307692308,-0.04150204705095545,0.039296399439794225,-0.0022056476111612247,16,26,large,higher_in_label0(control)
USP2,0.007494507760984668,0.0003342065418276509,-0.6682692307692308,-0.024973976174752374,0.025686922527192325,0.00071294635243995,16,26,large,higher_in_label0(control)
DRD1,0.007923658222649161,0.000368978559697159,0.6634615384615385,0.010230953030683552,-0.010240555777738702,-9.602747055149994e-06,16,26,large,higher_in_label1(disease)
DUSP4,0.007923658222649161,0.000368978559697159,0.6634615384615385,0.03203847581688182,-0.026268055868315075,0.00577041994856675,16,26,large,higher_in_label1(disease)
ITPR3,0.007923658222649161,0.000368978559697159,0.6634615384615385,0.14681606445148293,-0.14589396521508774,0.0009220992363952001,16,26,large,higher_in_label1(disease)
MYCN,0.007923658222649161,0.000368978559697159,-0.6634615384615384,-0.019074319505925325,0.0117275150588062,-0.007346804447119125,16,26,large,higher_in_label0(control)
VEGFA,0.007923658222649161,0.000368978559697159,-0.6634615384615384,-0.0107015306944722,0.01121661846586775,0.00051508777139555,16,26,large,higher_in_label0(control)
CRK,0.008596813643063117,0.00040711035405192344,0.6586538461538463,0.11647594325404928,-0.09218284490844472,0.02429309834560455,16,26,large,higher_in_label1(disease)
CD3G,0.008596813643063117,0.00040711035405192344,-0.6586538461538461,-0.0331608565386427,0.024510401892463653,-0.00865045464617905,16,26,large,higher_in_label0(control)
PSMD14,0.008956762506428935,0.00044889851551557807,-0.6538461538461539,-0.04643484640835015,0.04380317174962735,-0.0026316746587228,16,26,large,higher_in_label0(control)
LTB4R,0.008956762506428935,0.00044889851551557807,-0.6538461538461539,-0.0013438557366993,0.001147123088732575,-0.000196732647966725,16,26,large,higher_in_label0(control)
PKN3,0.008956762506428935,0.00044889851551557807,-0.6538461538461539,-0.019760422742106452,0.01680787306571645,-0.00295254967639,16,26,large,higher_in_label0(control)
PRR5,0.008956762506428935,0.00044889851551557807,-0.6538461538461539,-0.07751525316098366,0.07667640847753732,-0.00083884468344635,16,26,large,higher_in_label0(control)
LGR6,0.008956762506428935,0.00044889851551557807,-0.6538461538461539,-0.004756190443604475,0.003443265294997825,-0.00131292514860665,16,26,large,higher_in_label0(control)
DYNC1I2,0.008956762506428935,0.00044889851551557807,0.6538461538461537,0.044605072995052154,-0.038533603581650554,0.0060714694134016,16,26,large,higher_in_label1(disease)
CXCR3,0.008956762506428935,0.00044889851551557807,0.6538461538461537,0.0085626854628566,-0.007056920287827175,0.001505765175029425,16,26,large,higher_in_label1(disease)
TCIRG1,0.00942463066041628,0.0004946629352152192,-0.6490384615384616,-0.016353491414236105,0.016376829395729826,2.3337981493720266e-05,16,26,large,higher_in_label0(control)
MUC2,0.00942463066041628,0.0004946629352152192,-0.6490384615384616,-0.05286979914429905,0.060834122049272896,0.007964322904973849,16,26,large,higher_in_label0(control)
PSMC2,0.00942463066041628,0.0004946629352152192,-0.6490384615384616,-0.1356278394647368,0.1217951889086943,-0.0138326505560425,16,26,large,higher_in_label0(control)
ADAP1,0.00942463066041628,0.0004946629352152192,0.6490384615384615,0.004044029785223275,-0.0040230428187331,2.0986966490174986e-05,16,26,large,higher_in_label1(disease)
DAGLB,0.00942463066041628,0.0004946629352152192,0.6490384615384615,0.02448133057768442,-0.023217875312369046,0.001263455265315375,16,26,large,higher_in_label1(disease)
IRAK1,0.00942463066041628,0.0004946629352152192,0.6490384615384615,0.08688981008562283,-0.08724057607166227,-0.00035076598603945,16,26,large,higher_in_label1(disease)
CYSLTR1,0.010149943638641523,0.0005447483562964669,-0.6442307692307692,-0.007598291608859626,0.0088206289567028,0.0012223373478431748,16,26,large,higher_in_label0(control)
ATP6V1E1,0.010149943638641523,0.0005447483562964669,0.6442307692307692,0.08270674224411254,-0.07934198995908963,0.0033647522850229,16,26,large,higher_in_label1(disease)
PIK3R2,0.010149943638641523,0.0005447483562964669,0.6442307692307692,0.3565468770801937,-0.2938388309162973,0.06270804616389639,16,26,large,higher_in_label1(disease)
VPS37D,0.010698583748368636,0.0005995260032629622,0.6394230769230769,0.0261160289636074,-0.017444462403529076,0.008671566560078324,16,26,large,higher_in_label1(disease)
S1PR1,0.010698583748368636,0.0005995260032629622,-0.6394230769230769,-0.025800944943158502,0.023840814559275753,-0.0019601303838827503,16,26,large,higher_in_label0(control)
FABP5,0.010698583748368636,0.0005995260032629622,0.6394230769230769,0.006722911923836325,-0.0041743925307155,0.002548519393120825,16,26,large,higher_in_label1(disease)
GIT1,0.010698583748368636,0.0005995260032629622,-0.6394230769230769,-0.07346178173926568,0.04995099774712365,-0.023510783992142025,16,26,large,higher_in_label0(control)
PEBP1,0.010698583748368636,0.0005995260032629622,-0.6394230769230769,-0.025357491099157796,0.021948908665169672,-0.003408582433988125,16,26,large,higher_in_label0(control)
PSMD6,0.010698583748368636,0.0005995260032629622,-0.6394230769230769,-0.07493699428801555,0.07328821001965302,-0.001648784268362525,16,26,large,higher_in_label0(control)
CSNK2A2,0.011139384445888885,0.0006593952907984739,0.6346153846153846,0.017999474798931926,-0.014855432370567075,0.00314404242836485,16,26,large,higher_in_label1(disease)
ADRA2A,0.011139384445888885,0.0006593952907984739,-0.6346153846153846,-0.01642915970584375,0.0126261212585806,-0.00380303844726315,16,26,large,higher_in_label0(control)
IDE,0.011139384445888885,0.0006593952907984739,-0.6346153846153846,-0.026303492506505325,0.02782036010047875,0.001516867593973425,16,26,large,higher_in_label0(control)
ARF1,0.011139384445888885,0.0006593952907984739,-0.6346153846153846,-0.05535004444425483,0.05251641079949268,-0.0028336336447621503,16,26,large,higher_in_label0(control)
PAK1,0.011139384445888885,0.0006593952907984739,0.6346153846153846,0.07259337623314666,-0.037779883702710175,0.034813492530436474,16,26,large,higher_in_label1(disease)
GABRQ,0.011139384445888885,0.0006593952907984739,-0.6346153846153846,-0.004703497831054205,0.004760425446359,5.6927615304794636e-05,16,26,large,higher_in_label0(control)
TSG101,0.011139384445888885,0.0006593952907984739,0.6346153846153846,0.13961541544251593,-0.13016517153502052,0.0094502439074954,16,26,large,higher_in_label1(disease)
NUP214,0.011139384445888885,0.0006593952907984739,0.6346153846153846,0.24622765553499504,-0.20624618474080122,0.03998147079419383,16,26,large,higher_in_label1(disease)
POMT2,0.011773120158590207,0.0007247856135517254,-0.6298076923076923,-0.09565075104864032,0.0947653701436372,-0.000885380905003125,16,26,large,higher_in_label0(control)
ACACA,0.011773120158590207,0.0007247856135517254,-0.6298076923076923,-0.0289643136887591,0.029818132373233174,0.000853818684474075,16,26,large,higher_in_label0(control)
ID4,0.011773120158590207,0.0007247856135517254,-0.6298076923076923,-0.050330133222155675,0.052039141216014176,0.0017090079938585,16,26,large,higher_in_label0(control)
IFNGR1,0.011773120158590207,0.0007247856135517254,0.6298076923076923,0.038401714972949474,-0.03411643195933123,0.00428528301361825,16,26,large,higher_in_label1(disease)
AVPR1A,0.011773120158590207,0.0007247856135517254,-0.6298076923076923,-0.018587328522825325,0.018296906241422026,-0.0002904222814033001,16,26,large,higher_in_label0(control)
MAP2K7,0.011773120158590207,0.0007247856135517254,-0.6298076923076923,-0.04629527521663715,0.0450419627525752,-0.00125331246406195,16,26,large,higher_in_label0(control)
CDC42EP2,0.012377085428359356,0.0007961582181620266,0.625,0.024625600042525904,-0.022203322210821552,0.00242227783170435,16,26,large,higher_in_label1(disease)
CEBPD,0.012377085428359356,0.0007961582181620266,0.625,0.027903226998395352,-0.026280771275981978,0.0016224557224133749,16,26,large,higher_in_label1(disease)
MUC7,0.012377085428359356,0.0007961582181620266,-0.625,-0.02623464974563225,0.0310734471248602,0.00483879737922795,16,26,large,higher_in_label0(control)
MYH11,0.012377085428359356,0.0007961582181620266,-0.625,-0.08978615084691617,0.0832519983865804,-0.006534152460335775,16,26,large,higher_in_label0(control)
FXYD3,0.012377085428359356,0.0007961582181620266,0.625,0.010320856394495925,-0.008925227545185176,0.00139562884931075,16,26,large,higher_in_label1(disease)
PRKCA,0.012377085428359356,0.0007961582181620266,0.625,0.28050352225102976,-0.26775269242344696,0.012750829827582825,16,26,large,higher_in_label1(disease)
ATP6V1G1,0.012377085428359356,0.0007961582181620266,-0.625,-0.04281633094046253,0.039173866537524374,-0.0036424644029381496,16,26,large,higher_in_label0(control)
HDAC6,0.013027862787254398,0.0008740081585766566,0.6201923076923077,0.11638450628896774,-0.0984795597492823,0.017904946539685447,16,26,large,higher_in_label1(disease)
ANO4,0.013027862787254398,0.0008740081585766566,0.6201923076923077,0.0156596355340313,-0.017657792229265175,-0.0019981566952338753,16,26,large,higher_in_label1(disease)
GNB2,0.013027862787254398,0.0008740081585766566,-0.6201923076923077,-0.06027446978897252,0.05628011459599315,-0.003994355192979375,16,26,large,higher_in_label0(control)
GRB10,0.013027862787254398,0.0008740081585766566,-0.6201923076923077,-0.05573470282950765,0.05623965927318505,0.0005049564436774,16,26,large,higher_in_label0(control)
ARRB1,0.013027862787254398,0.0008740081585766566,0.6201923076923077,0.07121917437046041,-0.060001223150380326,0.011217951220080076,16,26,large,higher_in_label1(disease)
FGF19,0.013027862787254398,0.0008740081585766566,0.6201923076923077,0.04477011290169568,-0.0521544177986182,-0.0073843048969225245,16,26,large,higher_in_label1(disease)
SREBF1,0.013027862787254398,0.0008740081585766566,0.6201923076923077,0.0051531412566786505,-0.0048851240801282,0.00026801717655045,16,26,large,higher_in_label1(disease)
EGR3,0.013574118961171283,0.0009588663354576398,-0.6153846153846154,-0.0291928794739891,0.03000828892448,0.0008154094504909,16,26,large,higher_in_label0(control)
FGF3,0.013574118961171283,0.0009588663354576398,0.6153846153846154,0.049026577105400156,-0.08024775743650506,-0.0312211803311049,16,26,large,higher_in_label1(disease)
SLITRK3,0.013574118961171283,0.0009588663354576398,0.6153846153846154,0.030808346296062328,-0.030088755031846652,0.000719591264215675,16,26,large,higher_in_label1(disease)
MUC4,0.013574118961171283,0.0009588663354576398,-0.6153846153846154,-0.019037930197300226,0.013527814773624474,-0.00551011542367575,16,26,large,higher_in_label0(control)
PPP3R1,0.013574118961171283,0.0009588663354576398,0.6153846153846154,0.06932123450893546,-0.06926660587872123,5.4628630214224996e-05,16,26,large,higher_in_label1(disease)
MCCC2,0.013574118961171283,0.0009588663354576398,0.6153846153846154,0.016271514730371677,-0.0168336133440121,-0.000562098613640425,16,26,large,higher_in_label1(disease)
ZBP1,0.013574118961171283,0.0009588663354576398,-0.6153846153846154,-0.012199655368507326,0.01079196463630195,-0.001407690732205375,16,26,large,higher_in_label0(control)
PARD6B,0.013574118961171283,0.0009588663354576398,0.6153846153846154,0.038262101174266906,-0.040878009669622656,-0.00261590849535575,16,26,large,higher_in_label1(disease)
ARHGEF2,0.013574118961171283,0.0009588663354576398,-0.6153846153846154,-0.058806731214134024,0.0552715604720771,-0.0035351707420569253,16,26,large,higher_in_label0(control)
ARPC2,0.014095229130021902,0.0010513016201950038,0.6105769230769231,0.038606571342821805,-0.03657964467381418,0.002026926669007625,16,26,large,higher_in_label1(disease)
CDK9,0.014095229130021902,0.0010513016201950038,0.6105769230769231,0.06657597805613254,-0.06709597815297597,-0.000520000096843425,16,26,large,higher_in_label1(disease)
FGD4,0.014095229130021902,0.0010513016201950038,-0.6105769230769231,-0.06352124296371513,0.06270235758349728,-0.0008188853802178499,16,26,large,higher_in_label0(control)
GNGT1,0.014095229130021902,0.0010513016201950038,0.6105769230769231,0.07755146347600424,-0.09520628148359894,-0.017654818007594702,16,26,large,higher_in_label1(disease)
NR3C1,0.014095229130021902,0.0010513016201950038,0.6105769230769231,0.02669270620773015,-0.02631162603460525,0.0003810801731249,16,26,large,higher_in_label1(disease)
HTR6,0.014095229130021902,0.0010513016201950038,0.6105769230769231,0.03142219922357078,-0.02968507476456925,0.0017371244590015252,16,26,large,higher_in_label1(disease)
P2RY1,0.014095229130021902,0.0010513016201950038,0.6105769230769231,0.012657888930235384,-0.01265740869529865,4.802349367331966e-07,16,26,large,higher_in_label1(disease)
PAK2,0.014095229130021902,0.0010513016201950038,-0.6105769230769231,-0.08568536759348024,0.09074201067306906,0.005056643079588825,16,26,large,higher_in_label0(control)
PDHA1,0.014095229130021902,0.0010513016201950038,-0.6105769230769231,-0.002660132449682575,0.001563294607451875,-0.0010968378422307,16,26,large,higher_in_label0(control)
MAPKAPK2,0.014095229130021902,0.0010513016201950038,-0.6105769230769231,-0.03214103339953065,0.030300961102450598,-0.0018400722970800501,16,26,large,higher_in_label0(control)
DGKK,0.014892719609718627,0.0011519230637351424,0.6057692307692308,0.008086968361245426,-0.0096214008595188,-0.0015344324982733749,16,26,large,higher_in_label1(disease)
AAMP,0.014892719609718627,0.0011519230637351424,-0.6057692307692308,-0.0195653915063813,0.019890386947163524,0.000324995440782225,16,26,large,higher_in_label0(control)
SHC2,0.014892719609718627,0.0011519230637351424,-0.6057692307692308,-0.0455629528422303,0.04691821931605395,0.00135526647382365,16,26,large,higher_in_label0(control)
DERL2,0.014892719609718627,0.0011519230637351424,0.6057692307692308,0.09752669099319132,-0.10529275125454052,-0.0077660602613492,16,26,large,higher_in_label1(disease)
RFC3,0.014892719609718627,0.0011519230637351424,-0.6057692307692308,-0.037089483018910796,0.03615831050616185,-0.00093117251274895,16,26,large,higher_in_label0(control)
WNT6,0.014892719609718627,0.0011519230637351424,0.6057692307692308,0.032549178322380426,-0.028348335876572976,0.00420084244580745,16,26,large,higher_in_label1(disease)
OBSCN,0.014892719609718627,0.0011519230637351424,-0.6057692307692308,-0.03219166647440492,0.03221773701782868,2.607054342375881e-05,16,26,large,higher_in_label0(control)
ADH1A,0.015516225581074981,0.0012613821900952827,0.6009615384615385,0.0710656067466742,-0.05874114551870785,0.012324461227966349,16,26,large,higher_in_label1(disease)
HTR1A,0.015516225581074981,0.0012613821900952827,0.6009615384615385,0.007550282702588326,-0.006705811631549751,0.000844471071038575,16,26,large,higher_in_label1(disease)
HUS1,0.015516225581074981,0.0012613821900952827,0.6009615384615385,0.03329299186501498,-0.0303701544468935,0.002922837418121475,16,26,large,higher_in_label1(disease)
AVPR1B,0.015516225581074981,0.0012613821900952827,0.6009615384615385,0.0219173897387467,-0.017152751803287226,0.004764637935459475,16,26,large,higher_in_label1(disease)
PSMA1,0.015516225581074981,0.0012613821900952827,0.6009615384615385,0.21359601935739336,-0.17233072055265314,0.041265298804740225,16,26,large,higher_in_label1(disease)
PSMD3,0.015516225581074981,0.0012613821900952827,0.6009615384615385,0.07024900550935553,-0.056775641468288,0.013473364041067526,16,26,large,higher_in_label1(disease)
ATP6V1C1,0.015516225581074981,0.0012613821900952827,-0.6009615384615384,-0.06824507469029942,0.06909068197381096,0.0008456072835115499,16,26,large,higher_in_label0(control)
TCN2,0.015516225581074981,0.0012613821900952827,-0.6009615384615384,-0.00133694195379855,0.0003864532833458,-0.0009504886704527499,16,26,large,higher_in_label0(control)
CDC16,0.015516225581074981,0.0012613821900952827,-0.6009615384615384,-0.07694268837166653,0.07816777441116834,0.001225086039501825,16,26,large,higher_in_label0(control)
SLIT2,0.015516225581074981,0.0012613821900952827,-0.6009615384615384,-0.017632336687693675,0.0141309850277853,-0.003501351659908375,16,26,large,higher_in_label0(control)
HMG20B,0.016421930506519133,0.0013803753740681038,0.5961538461538463,0.00955542037744305,-0.007694530463027475,0.001860889914415575,16,26,large,higher_in_label1(disease)
P2RY11,0.016421930506519133,0.0013803753740681038,0.5961538461538463,0.008669451441069176,-0.008748391774783076,-7.894033371390002e-05,16,26,large,higher_in_label1(disease)
PSMB7,0.016421930506519133,0.0013803753740681038,0.5961538461538463,0.10216467265266428,-0.0929568267735191,0.009207845879145174,16,26,large,higher_in_label1(disease)
TCF4,0.016421930506519133,0.0013803753740681038,0.5961538461538463,0.01596776624909615,-0.009624661897762076,0.006343104351334075,16,26,large,higher_in_label1(disease)
UBE2D3,0.016421930506519133,0.0013803753740681038,0.5961538461538463,0.010884513244561526,-0.011760881014082576,-0.00087636776952105,16,26,large,higher_in_label1(disease)
GNG3,0.016421930506519133,0.0013803753740681038,-0.5961538461538461,-0.07519571988973874,0.07399147752813659,-0.00120424236160215,16,26,large,higher_in_label0(control)
RHOC,0.016421930506519133,0.0013803753740681038,-0.5961538461538461,-0.04581157967311713,0.0456723815726879,-0.00013919810042922499,16,26,large,higher_in_label0(control)
SLC40A1,0.017547907017585053,0.0015096463022231815,-0.5913461538461539,-0.02463161440687155,0.016860788458524425,-0.007770825948347125,16,26,large,higher_in_label0(control)
SQSTM1,0.017547907017585053,0.0015096463022231815,-0.5913461538461539,-0.04489690713140375,0.041165005506339926,-0.003731901625063825,16,26,large,higher_in_label0(control)
PPP1R14A,0.017547907017585053,0.0015096463022231815,-0.5913461538461539,-0.02126961538037835,0.018702989115933998,-0.00256662626444435,16,26,large,higher_in_label0(control)
ARL13B,0.017547907017585053,0.0015096463022231815,0.5913461538461537,0.07751335612073113,-0.08047296491706443,-0.0029596087963333004,16,26,large,higher_in_label1(disease)
CANX,0.017547907017585053,0.0015096463022231815,0.5913461538461537,0.028244353384984523,-0.024336987494622923,0.0039073658903616,16,26,large,higher_in_label1(disease)
SPCS1,0.018665495085937445,0.0016499885158839731,-0.5865384615384616,-0.01257088877387015,0.0080494572643474,-0.004521431509522751,16,26,large,higher_in_label0(control)
PDE4D,0.018665495085937445,0.0016499885158839731,-0.5865384615384616,-0.028348503592912955,0.028235023379940074,-0.00011348021297288105,16,26,large,higher_in_label0(control)
SEC13,0.018665495085937445,0.0016499885158839731,-0.5865384615384616,-0.10136395389805934,0.09896151636546505,-0.0024024375325943,16,26,large,higher_in_label0(control)
CDC42,0.018665495085937445,0.0016499885158839731,-0.5865384615384616,-0.09868016892877031,0.09780415762230765,-0.0008760113064626501,16,26,large,higher_in_label0(control)
RIT2,0.018665495085937445,0.0016499885158839731,0.5865384615384615,0.03922436402512177,-0.03639389096278972,0.00283047306233205,16,26,large,higher_in_label1(disease)
CAMK2G,0.018665495085937445,0.0016499885158839731,0.5865384615384615,0.07849306308152759,-0.0717920442454591,0.0067010188360685004,16,26,large,higher_in_label1(disease)
TAB1,0.019684898788435233,0.0018022480343003054,-0.5817307692307692,-0.02488415106988785,0.026835995078511924,0.001951844008624075,16,26,large,higher_in_label0(control)
GLI2,0.019684898788435233,0.0018022480343003054,0.5817307692307692,0.019336636477095378,-0.016168552558566328,0.00316808391852905,16,26,large,higher_in_label1(disease)
PPP1R12B,0.019684898788435233,0.0018022480343003054,0.5817307692307692,0.04833555023158398,-0.04662886003353928,0.0017066901980447003,16,26,large,higher_in_label1(disease)
PIK3R1,0.019684898788435233,0.0018022480343003054,-0.5817307692307692,-0.1055164390292412,0.0982182361823544,-0.0072982028468868,16,26,large,higher_in_label0(control)
PSMC6,0.019684898788435233,0.0018022480343003054,0.5817307692307692,0.08341366738932221,-0.08167267522835134,0.0017409921609708749,16,26,large,higher_in_label1(disease)
SCT,0.019684898788435233,0.0018022480343003054,0.5817307692307692,0.1287893603482877,-0.12253465068265132,0.006254709665636375,16,26,large,higher_in_label1(disease)
TPM4,0.019684898788435233,0.0018022480343003054,0.5817307692307692,0.023288495731302074,-0.026012501374530074,-0.002724005643228,16,26,large,higher_in_label1(disease)
HDAC4,0.019684898788435233,0.0018022480343003054,0.5817307692307692,0.060976306716072654,-0.06955759102527583,-0.008581284309203175,16,26,large,higher_in_label1(disease)
RAMP1,0.020946236240590724,0.00196732605574609,0.5769230769230769,0.0277398371384007,-0.026596724235547375,0.001143112902853325,16,26,large,higher_in_label1(disease)
ANAPC10,0.020946236240590724,0.00196732605574609,-0.5769230769230769,-0.07668164969676276,0.07915006291142371,0.00246841321466095,16,26,large,higher_in_label0(control)
OCRL,0.020946236240590724,0.00196732605574609,-0.5769230769230769,-0.036277125776006926,0.037887200154507174,0.00161007437850025,16,26,large,higher_in_label0(control)
VAV1,0.020946236240590724,0.00196732605574609,-0.5769230769230769,-0.1065702172405805,0.10664181595827789,7.159871769739997e-05,16,26,large,higher_in_label0(control)
ARHGEF17,0.020946236240590724,0.00196732605574609,-0.5769230769230769,-0.07377575271241385,0.07716720671953912,0.003391454007125275,16,26,large,higher_in_label0(control)
POM121,0.020946236240590724,0.00196732605574609,-0.5769230769230769,-0.09923139929882287,0.09164747340195052,-0.00758392589687235,16,26,large,higher_in_label0(control)
EPN1,0.02219765107479913,0.002146181733751297,-0.5721153846153846,-0.002354819763451225,0.00210411781543715,-0.000250701948014075,16,26,large,higher_in_label0(control)
RNF111,0.02219765107479913,0.002146181733751297,-0.5721153846153846,-0.04412638029796207,0.04603973745303372,0.00191335715507165,16,26,large,higher_in_label0(control)
PSMA6,0.02219765107479913,0.002146181733751297,0.5721153846153846,0.042085772262690474,-0.025636589257874577,0.0164491830048159,16,26,large,higher_in_label1(disease)
REST,0.02219765107479913,0.002146181733751297,0.5721153846153846,0.06508446022612008,-0.065470614796329,-0.000386154570208925,16,26,large,higher_in_label1(disease)
SFTPB,0.02219765107479913,0.002146181733751297,0.5721153846153846,0.013876850285589598,-0.015435912465598299,-0.0015590621800087002,16,26,large,higher_in_label1(disease)
SHOC2,0.02219765107479913,0.002146181733751297,-0.5721153846153846,-0.0198216791340124,0.022690304069989474,0.0028686249359770747,16,26,large,higher_in_label0(control)
KAT2B,0.02219765107479913,0.002146181733751297,0.5721153846153846,0.10742477861007554,-0.11797962958824693,-0.010554850978171375,16,26,large,higher_in_label1(disease)
ADRB2,0.022981170363051976,0.0023398350251252606,-0.5673076923076923,-0.0092962151178996,0.0071033680390593995,-0.0021928470788402,16,26,large,higher_in_label0(control)
DUSP3,0.022981170363051976,0.0023398350251252606,-0.5673076923076923,-0.029699584774231878,0.029176564365683676,-0.0005230204085482001,16,26,large,higher_in_label0(control)
SEC11A,0.022981170363051976,0.0023398350251252606,0.5673076923076923,0.023913840526151302,-0.022960680712770652,0.00095315981338065,16,26,large,higher_in_label1(disease)
ZDHHC5,0.022981170363051976,0.0023398350251252606,-0.5673076923076923,-0.01590358083768735,0.012428765389817801,-0.00347481544786955,16,26,large,higher_in_label0(control)
ANAPC4,0.022981170363051976,0.0023398350251252606,0.5673076923076923,0.05201889775036106,-0.05064770622685563,0.001371191523505425,16,26,large,higher_in_label1(disease)
IMPDH2,0.022981170363051976,0.0023398350251252606,-0.5673076923076923,-0.00635764967703635,0.0053902629095653,-0.00096738676747105,16,26,large,higher_in_label0(control)
SMAD3,0.022981170363051976,0.0023398350251252606,0.5673076923076923,0.0278759263935247,-0.025078906519281102,0.0027970198742436,16,26,large,higher_in_label1(disease)
PCDH7,0.022981170363051976,0.0023398350251252606,-0.5673076923076923,-0.017351374384448025,0.02281874394988945,0.005467369565441424,16,26,large,higher_in_label0(control)
YWHAB,0.022981170363051976,0.0023398350251252606,0.5673076923076923,0.08745270402464364,-0.07358879342667554,0.013863910597968099,16,26,large,higher_in_label1(disease)
TUBA1A,0.022981170363051976,0.0023398350251252606,0.5673076923076923,0.031216884144076622,-0.029786670810684472,0.0014302133333921499,16,26,large,higher_in_label1(disease)
USP8,0.022981170363051976,0.0023398350251252606,0.5673076923076923,0.024463055715227798,-0.022176068514847998,0.0022869872003798003,16,26,large,higher_in_label1(disease)
RNF185,0.022981170363051976,0.0023398350251252606,-0.5673076923076923,-0.008451852259342698,-0.00014410591639802718,-0.008595958175740725,16,26,large,higher_in_label0(control)
CD28,0.022981170363051976,0.0023398350251252606,0.5673076923076923,0.07064222797511133,-0.06416336659846472,0.0064788613766466,16,26,large,higher_in_label1(disease)
ST3GAL6,0.024015251231281478,0.0025493696058463762,0.5625,0.009189979075424775,-0.007291179446713875,0.0018987996287109,16,26,large,higher_in_label1(disease)
GNB5,0.024015251231281478,0.0025493696058463762,-0.5625,-0.07918185888925841,0.0628619404700087,-0.0163199184192497,16,26,large,higher_in_label0(control)
LRRK2,0.024015251231281478,0.0025493696058463762,0.5625,0.0113353686814159,-0.0080385950620647,0.0032967736193512,16,26,large,higher_in_label1(disease)
FDXR,0.024015251231281478,0.0025493696058463762,0.5625,0.013930022321258576,-0.016068164111497626,-0.00213814179023905,16,26,large,higher_in_label1(disease)
RCOR1,0.024015251231281478,0.0025493696058463762,0.5625,0.016291476051093,-0.012546906484823924,0.003744569566269075,16,26,large,higher_in_label1(disease)
CLIP3,0.024015251231281478,0.0025493696058463762,0.5625,0.019515023749136752,-0.012885845519945425,0.006629178229191325,16,26,large,higher_in_label1(disease)
ABHD12,0.024015251231281478,0.0025493696058463762,-0.5625,-0.01551841178226355,0.01421589003694815,-0.0013025217453154002,16,26,large,higher_in_label0(control)
INHBB,0.024015251231281478,0.0025493696058463762,-0.5625,-0.01450576140271605,0.014553888458767575,4.812705605152499e-05,16,26,large,higher_in_label0(control)
MEF2D,0.024015251231281478,0.0025493696058463762,0.5625,0.013625678043424915,-0.013902437337065449,-0.0002767592936405342,16,26,large,higher_in_label1(disease)
ANAPC1,0.024015251231281478,0.0025493696058463762,0.5625,0.020464087309760848,-0.020125790512544973,0.000338296797215875,16,26,large,higher_in_label1(disease)
WNT3,0.024015251231281478,0.0025493696058463762,-0.5625,-0.04189694900271414,0.04199243043034408,9.548142762994236e-05,16,26,large,higher_in_label0(control)
DPEP1,0.025212263242342818,0.0027759358502816283,-0.5576923076923077,-0.01527855895806145,0.0126186646299218,-0.0026598943281396503,16,26,large,higher_in_label0(control)
KPNA1,0.025212263242342818,0.0027759358502816283,-0.5576923076923077,-0.09539986211263872,0.09691803018624331,0.0015181680736046001,16,26,large,higher_in_label0(control)
P2RY2,0.025212263242342818,0.0027759358502816283,-0.5576923076923077,-0.01869075788447,0.01945034201025185,0.00075958412578185,16,26,large,higher_in_label0(control)
ATP6V1D,0.025212263242342818,0.0027759358502816283,-0.5576923076923077,-0.006687478056569393,0.00657352757402975,-0.00011395048253964247,16,26,large,higher_in_label0(control)
TUBA8,0.025212263242342818,0.0027759358502816283,-0.5576923076923077,-0.0074942318677381995,0.00640410354256025,-0.00109012832517795,16,26,large,higher_in_label0(control)
ATP6V1B2,0.025212263242342818,0.0027759358502816283,0.5576923076923077,0.00540237226332585,-0.004046395452736025,0.001355976810589825,16,26,large,higher_in_label1(disease)
ATP6V0A1,0.025212263242342818,0.0027759358502816283,-0.5576923076923077,-0.00385792075196773,0.00394406168577235,8.614093380461985e-05,16,26,large,higher_in_label0(control)
PARD3,0.025212263242342818,0.0027759358502816283,-0.5576923076923077,-0.0054429889973516745,0.0048303418043008,-0.000612647193050875,16,26,large,higher_in_label0(control)
RALB,0.025212263242342818,0.0027759358502816283,0.5576923076923077,0.07688553996667194,-0.07254325142545079,0.00434228854122115,16,26,large,higher_in_label1(disease)
TGFBR3,0.025212263242342818,0.0027759358502816283,0.5576923076923077,0.022281562135551623,-0.0226685000914213,-0.000386937955869675,16,26,large,higher_in_label1(disease)
TOPBP1,0.026214350352495638,0.003020753868559087,-0.5528846153846154,-0.03259699163097737,0.032812506974924674,0.0002155153439473,16,26,large,higher_in_label0(control)
E2F4,0.026214350352495638,0.003020753868559087,0.5528846153846154,0.06415975255387661,-0.0632564292415631,0.0009033233123135001,16,26,large,higher_in_label1(disease)
NUP160,0.026214350352495638,0.003020753868559087,-0.5528846153846154,-0.11165274709417689,0.11818441622523429,0.0065316691310574,16,26,large,higher_in_label0(control)
CHMP2A,0.026214350352495638,0.003020753868559087,-0.5528846153846154,-0.028455348887105325,0.022294045180871927,-0.0061613037062334,16,26,large,higher_in_label0(control)
JAK1,0.026214350352495638,0.003020753868559087,-0.5528846153846154,-0.0173717733522894,0.016370889140803674,-0.0010008842114857248,16,26,large,higher_in_label0(control)
PDE1A,0.026214350352495638,0.003020753868559087,0.5528846153846154,0.058557190852124165,-0.05911984480190768,-0.00056265394978351,16,26,large,higher_in_label1(disease)
PTPN6,0.026214350352495638,0.003020753868559087,-0.5528846153846154,-0.023111857436285427,0.022017710148680127,-0.0010941472876053,16,26,large,higher_in_label0(control)
BCL2L1,0.026214350352495638,0.003020753868559087,-0.5528846153846154,-0.01784501046536329,0.017612409496805474,-0.00023260096855781784,16,26,large,higher_in_label0(control)
ROBO1,0.026214350352495638,0.003020753868559087,0.5528846153846154,0.0026281725250589753,-0.0010792831785344,0.001548889346524575,16,26,large,higher_in_label1(disease)
RPA1,0.026214350352495638,0.003020753868559087,-0.5528846153846154,-0.03732840990641845,0.03652625825459302,-0.000802151651825425,16,26,large,higher_in_label0(control)
YWHAG,0.026214350352495638,0.003020753868559087,-0.5528846153846154,-0.021838072811187624,0.019825846527969197,-0.002012226283218425,16,26,large,higher_in_label0(control)
FGF16,0.026214350352495638,0.003020753868559087,0.5528846153846154,0.053687262915720874,-0.04951936409173077,0.0041678988239901,16,26,large,higher_in_label1(disease)
CDC27,0.026214350352495638,0.003020753868559087,0.5528846153846154,0.023046323232615448,-0.024388293882130423,-0.0013419706495149748,16,26,large,higher_in_label1(disease)
SAP18,0.0278410884779068,0.0032851165962486713,0.5480769230769231,0.01896580501087415,-0.016212235159721852,0.0027535698511523,16,26,large,higher_in_label1(disease)
CLTA,0.0278410884779068,0.0032851165962486713,0.5480769230769231,0.042956018875388954,-0.04103244412909715,0.0019235747462918,16,26,large,higher_in_label1(disease)
ADRA2B,0.0278410884779068,0.0032851165962486713,-0.5480769230769231,-0.013354985166412075,0.012646043179805475,-0.0007089419866066001,16,26,large,higher_in_label0(control)
PSMA5,0.0278410884779068,0.0032851165962486713,-0.5480769230769231,-0.11163567348721694,0.10770790677479436,-0.003927766712422575,16,26,large,higher_in_label0(control)
S100A8,0.0278410884779068,0.0032851165962486713,0.5480769230769231,0.023990491126582074,-0.016459238038254623,0.007531253088327449,16,26,large,higher_in_label1(disease)
GREM2,0.0278410884779068,0.0032851165962486713,0.5480769230769231,0.009796535982091549,-0.00569803457583945,0.0040985014062521,16,26,large,higher_in_label1(disease)
FZD7,0.0278410884779068,0.0032851165962486713,-0.5480769230769231,-0.027522673061190002,0.0272955210434472,-0.00022715201774279998,16,26,large,higher_in_label0(control)
EEF1A1,0.029958197629622603,0.0035703929298129544,0.5432692307692308,0.05740888918059085,-0.05344996481248013,0.003958924368110725,16,26,large,higher_in_label1(disease)
ATRX,0.029958197629622603,0.0035703929298129544,-0.5432692307692308,-0.00161597782186375,0.0017910609300875,0.00017508310822375,16,26,large,higher_in_label0(control)
KBTBD7,0.029958197629622603,0.0035703929298129544,-0.5432692307692308,-0.01727004887239625,0.015896985724075725,-0.001373063148320525,16,26,large,higher_in_label0(control)
PTGES3,0.03159784663038083,0.003878030900571601,0.5384615384615385,0.015632754142617524,-0.0147063937042073,0.000926360438410225,16,26,large,higher_in_label1(disease)
GTF2H2,0.03159784663038083,0.003878030900571601,0.5384615384615385,0.04020393728306204,-0.03581749175281962,0.004386445530242426,16,26,large,higher_in_label1(disease)
VAMP2,0.03159784663038083,0.003878030900571601,0.5384615384615385,0.05219026670140186,-0.05133781035355365,0.0008524563478482117,16,26,large,higher_in_label1(disease)
TRAF6,0.03159784663038083,0.003878030900571601,0.5384615384615385,0.11945705437912053,-0.11694686609623631,0.002510188282884225,16,26,large,higher_in_label1(disease)
FGFR4,0.03159784663038083,0.003878030900571601,-0.5384615384615384,-0.006377662244663625,0.0039675371830016504,-0.002410125061661975,16,26,large,higher_in_label0(control)
GEMIN5,0.03159784663038083,0.003878030900571601,-0.5384615384615384,-0.00420122733264575,0.003527011436072025,-0.0006742158965737249,16,26,large,higher_in_label0(control)
ARHGEF37,0.03159784663038083,0.003878030900571601,-0.5384615384615384,-0.016391676330032075,0.016714214588023125,0.00032253825799105,16,26,large,higher_in_label0(control)
PAK3,0.03159784663038083,0.003878030900571601,-0.5384615384615384,-0.014831343448617274,0.013273019935086474,-0.0015583235135307998,16,26,large,higher_in_label0(control)
CCNC,0.03159784663038083,0.003878030900571601,-0.5384615384615384,-0.04548273639395613,0.039680844275722,-0.005801892118234125,16,26,large,higher_in_label0(control)
PSIP1,0.033024852222445895,0.004209560879183119,0.5336538461538463,0.024927017838435876,-0.0263651011608943,-0.0014380833224584251,16,26,large,higher_in_label1(disease)
GNAQ,0.033024852222445895,0.004209560879183119,0.5336538461538463,0.2971930901046936,-0.2903548869780578,0.0068382031266358,16,26,large,higher_in_label1(disease)
SP1,0.033024852222445895,0.004209560879183119,0.5336538461538463,0.10493315162824342,-0.10021978183373567,0.00471336979450775,16,26,large,higher_in_label1(disease)
MAPKAPK3,0.033024852222445895,0.004209560879183119,0.5336538461538463,0.12224598841871018,-0.11393654912302578,0.0083094392956844,16,26,large,higher_in_label1(disease)
ZNRF3,0.033024852222445895,0.004209560879183119,0.5336538461538463,0.007026554670802001,-0.00581566096990895,0.0012108937008930502,16,26,large,higher_in_label1(disease)
ARHGEF1,0.033024852222445895,0.004209560879183119,0.5336538461538463,0.06919577157934334,-0.055580408828027145,0.013615362751316201,16,26,large,higher_in_label1(disease)
NOTCH3,0.033024852222445895,0.004209560879183119,0.5336538461538463,0.02750483812104805,-0.018652630684271698,0.00885220743677635,16,26,large,higher_in_label1(disease)
DUSP5,0.033024852222445895,0.004209560879183119,-0.5336538461538461,-0.007202872541882299,0.000480669448134575,-0.006722203093747724,16,26,large,higher_in_label0(control)
NTF4,0.033024852222445895,0.004209560879183119,-0.5336538461538461,-0.08850123141569002,0.06784929377779313,-0.020651937637896897,16,26,large,higher_in_label0(control)
PSMA4,0.033024852222445895,0.004209560879183119,-0.5336538461538461,-0.05805041221224938,0.05391963613321528,-0.0041307760790341005,16,26,large,higher_in_label0(control)
THBS4,0.033024852222445895,0.004209560879183119,-0.5336538461538461,-0.008647165400544301,0.01414873635544815,0.0055015709549038495,16,26,large,higher_in_label0(control)
AAAS,0.033024852222445895,0.004209560879183119,-0.5336538461538461,-0.07884758718277947,0.06856695881920127,-0.0102806283635782,16,26,large,higher_in_label0(control)
DTX2,0.034542571235771286,0.00456659880188768,-0.5288461538461539,-0.006402811725459888,0.0065743298210255,0.00017151809556561185,16,26,large,higher_in_label0(control)
FMNL2,0.034542571235771286,0.00456659880188768,-0.5288461538461539,-0.0105033250205369,0.0088317513659126,-0.0016715736546243,16,26,large,higher_in_label0(control)
CDC26,0.034542571235771286,0.00456659880188768,-0.5288461538461539,-0.06825816895672088,0.06698590607347445,-0.001272262883246425,16,26,large,higher_in_label0(control)
GFOD1,0.034542571235771286,0.00456659880188768,-0.5288461538461539,-0.0174013628998184,0.0142735139951049,-0.0031278489047135,16,26,large,higher_in_label0(control)
RFC2,0.034542571235771286,0.00456659880188768,-0.5288461538461539,-0.039502874375174954,0.038839397653971826,-0.0006634767212031251,16,26,large,higher_in_label0(control)
AMN,0.034542571235771286,0.00456659880188768,-0.5288461538461539,-0.012336909973645891,0.0124580776910841,0.00012116771743820754,16,26,large,higher_in_label0(control)
ABI2,0.034542571235771286,0.00456659880188768,0.5288461538461537,0.11663943747428082,-0.10563128883497575,0.011008148639305075,16,26,large,higher_in_label1(disease)
POLA2,0.034542571235771286,0.00456659880188768,0.5288461538461537,0.0238127141396317,-0.009774334128240025,0.014038380011391675,16,26,large,higher_in_label1(disease)
KLK2,0.034542571235771286,0.00456659880188768,0.5288461538461537,0.0006676705163287121,-0.0006577988916547501,9.871624673962018e-06,16,26,large,higher_in_label1(disease)
MRC1,0.034542571235771286,0.00456659880188768,0.5288461538461537,0.033823231817631,-0.03280377118103015,0.00101946063660085,16,26,large,higher_in_label1(disease)
PLCB4,0.034542571235771286,0.00456659880188768,0.5288461538461537,0.045260575142220205,-0.04055550261377355,0.00470507252844665,16,26,large,higher_in_label1(disease)
FZD4,0.034542571235771286,0.00456659880188768,0.5288461538461537,0.01089836565144805,-0.00437123016199205,0.006527135489456,16,26,large,higher_in_label1(disease)
ULK3,0.03625853295476672,0.0049508494089776185,-0.5240384615384616,-0.011899391000965041,0.012013092391660575,0.00011370139069553471,16,26,large,higher_in_label0(control)
STT3A,0.03625853295476672,0.0049508494089776185,-0.5240384615384616,-0.021113124491997724,0.018665341281555524,-0.0024477832104422,16,26,large,higher_in_label0(control)
POLR2K,0.03625853295476672,0.0049508494089776185,-0.5240384615384616,-0.04841687445196324,0.03818478191524012,-0.010232092536723126,16,26,large,higher_in_label0(control)
LGR4,0.03625853295476672,0.0049508494089776185,-0.5240384615384616,-0.005386966202313825,0.001344517781124675,-0.00404244842118915,16,26,large,higher_in_label0(control)
CYSLTR2,0.03625853295476672,0.0049508494089776185,-0.5240384615384616,-0.018553744314683273,0.02260275127076315,0.004049006956079876,16,26,large,higher_in_label0(control)
NUP205,0.03625853295476672,0.0049508494089776185,0.5240384615384615,0.04261356822412225,-0.027377546640094876,0.015236021584027376,16,26,large,higher_in_label1(disease)
LAMC1,0.03625853295476672,0.0049508494089776185,0.5240384615384615,0.012326490963347925,-0.0078904055338174,0.004436085429530525,16,26,large,higher_in_label1(disease)
MCAM,0.03625853295476672,0.0049508494089776185,0.5240384615384615,0.014857880014000475,-0.00611163914918575,0.008746240864814726,16,26,large,higher_in_label1(disease)
PRKCI,0.03625853295476672,0.0049508494089776185,0.5240384615384615,0.0242426265696693,-0.020736811018814152,0.0035058155508551504,16,26,large,higher_in_label1(disease)
SCUBE2,0.03625853295476672,0.0049508494089776185,0.5240384615384615,0.002546106153255675,-0.002090879715170825,0.00045522643808485,16,26,large,higher_in_label1(disease)
FASLG,0.03625853295476672,0.0049508494089776185,0.5240384615384615,0.04817251164359675,-0.03283967433423835,0.015332837309358398,16,26,large,higher_in_label1(disease)
ACTR2,0.03775737065395536,0.005364109485171242,-0.5192307692307692,-0.0358878563687394,0.03619817115060238,0.000310314781862975,16,26,large,higher_in_label0(control)
MUC20,0.03775737065395536,0.005364109485171242,-0.5192307692307692,-0.030412428177734076,0.029630917070058452,-0.0007815111076756251,16,26,large,higher_in_label0(control)
ENO1,0.03775737065395536,0.005364109485171242,0.5192307692307692,0.028000145897286124,-0.023430719367260974,0.00456942653002515,16,26,large,higher_in_label1(disease)
ARHGEF15,0.03775737065395536,0.005364109485171242,-0.5192307692307692,-0.021318963657057974,0.010123672093477875,-0.0111952915635801,16,26,large,higher_in_label0(control)
FLT3LG,0.03775737065395536,0.005364109485171242,-0.5192307692307692,-0.04784965787005903,0.03233265206568588,-0.01551700580437315,16,26,large,higher_in_label0(control)
GYS1,0.03775737065395536,0.005364109485171242,0.5192307692307692,0.0166963347536645,-0.01716801018900445,-0.00047167543533995,16,26,large,higher_in_label1(disease)
ATP6AP1,0.03775737065395536,0.005364109485171242,-0.5192307692307692,-0.0200996054685556,0.015313754696950375,-0.004785850771605225,16,26,large,higher_in_label0(control)
PSMD11,0.03775737065395536,0.005364109485171242,0.5192307692307692,0.09166461733646568,-0.09550067588059405,-0.003836058544128375,16,26,large,higher_in_label1(disease)
TLE2,0.03775737065395536,0.005364109485171242,0.5192307692307692,0.04749576478467305,-0.04668842988288105,0.0008073349017920001,16,26,large,higher_in_label1(disease)
TAS1R3,0.03775737065395536,0.005364109485171242,0.5192307692307692,0.00849371720760915,-0.00277199982425625,0.0057217173833529,16,26,large,higher_in_label1(disease)
IKBKG,0.03775737065395536,0.005364109485171242,-0.5192307692307692,-0.0603376837382068,0.0555655267177088,-0.004772157020498,16,26,large,higher_in_label0(control)
AKR1C3,0.03775737065395536,0.005364109485171242,0.5192307692307692,0.045858763127998574,-0.03925220320012107,0.0066065599278775,16,26,large,higher_in_label1(disease)
SLC4A7,0.03775737065395536,0.005364109485171242,0.5192307692307692,0.06081164530967295,-0.062044117107535976,-0.0012324717978630228,16,26,large,higher_in_label1(disease)
KEAP1,0.03775737065395536,0.005364109485171242,-0.5192307692307692,-0.015145329616325351,0.0128545761444076,-0.00229075347191775,16,26,large,higher_in_label0(control)
AP1G1,0.03999499713041861,0.005808271090763239,0.5144230769230769,0.03760873810810911,-0.037991222289688806,-0.0003824841815797,16,26,large,higher_in_label1(disease)
PLCB3,0.03999499713041861,0.005808271090763239,0.5144230769230769,0.10448055376605102,-0.09835773557383837,0.00612281819221265,16,26,large,higher_in_label1(disease)
MAPK13,0.03999499713041861,0.005808271090763239,0.5144230769230769,0.021889860868713626,-0.017952222955000652,0.003937637913712975,16,26,large,higher_in_label1(disease)
C1GALT1,0.03999499713041861,0.005808271090763239,0.5144230769230769,0.035855204733520746,-0.0350465075970322,0.00080869713648855,16,26,large,higher_in_label1(disease)
ZNF512B,0.03999499713041861,0.005808271090763239,0.5144230769230769,0.0012592742963923585,-0.00121489354883385,4.4380747558508476e-05,16,26,large,higher_in_label1(disease)
MTA3,0.03999499713041861,0.005808271090763239,-0.5144230769230769,-0.02639687928031985,0.031016551723479748,0.0046196724431599,16,26,large,higher_in_label0(control)
APOBEC3G,0.03999499713041861,0.005808271090763239,0.5144230769230769,0.0029143298234530998,-0.0011736666667889499,0.00174066315666415,16,26,large,higher_in_label1(disease)
SHARPIN,0.03999499713041861,0.005808271090763239,0.5144230769230769,0.02544635696396235,-0.02002741423817085,0.005418942725791499,16,26,large,higher_in_label1(disease)
POMT1,0.04180318365164051,0.006285324771616036,-0.5096153846153846,-0.057321161867177325,0.0571855630784186,-0.00013559878875872471,16,26,large,higher_in_label0(control)
CTSG,0.04180318365164051,0.006285324771616036,0.5096153846153846,0.040623258032009446,-0.043153694707275723,-0.0025304366752662752,16,26,large,higher_in_label1(disease)
CYFIP1,0.04180318365164051,0.006285324771616036,0.5096153846153846,0.03851036805728275,-0.026495712971938548,0.0120146550853442,16,26,large,higher_in_label1(disease)
ERLEC1,0.04180318365164051,0.006285324771616036,-0.5096153846153846,-0.0772560369006829,0.08057581048235422,0.003319773581671325,16,26,large,higher_in_label0(control)
INHA,0.04180318365164051,0.006285324771616036,-0.5096153846153846,-0.013078197742603576,0.011835136124208825,-0.00124306161839475,16,26,large,higher_in_label0(control)
LBR,0.04180318365164051,0.006285324771616036,0.5096153846153846,0.05952503851831943,-0.05598573691682353,0.0035393016014959,16,26,large,higher_in_label1(disease)
DEF6,0.04180318365164051,0.006285324771616036,-0.5096153846153846,-0.013337669870875075,0.008018867057698125,-0.00531880281317695,16,26,large,higher_in_label0(control)
PIK3CA,0.04180318365164051,0.006285324771616036,-0.5096153846153846,-0.2743154306641045,0.28313947359129354,0.008824042927189,16,26,large,higher_in_label0(control)
APBB1IP,0.04180318365164051,0.006285324771616036,-0.5096153846153846,-0.03715731383396017,0.036833486287679296,-0.00032382754628087503,16,26,large,higher_in_label0(control)
RPTOR,0.04180318365164051,0.006285324771616036,0.5096153846153846,0.0110424409993429,-0.011642522679201,-0.0006000816798581,16,26,large,higher_in_label1(disease)
SFTPD,0.04180318365164051,0.006285324771616036,0.5096153846153846,0.0676098875711819,-0.06393205715871447,0.0036778304124674257,16,26,large,higher_in_label1(disease)
TNS3,0.04180318365164051,0.006285324771616036,0.5096153846153846,0.008799826077107949,-0.008426907830081425,0.00037291824702652404,16,26,large,higher_in_label1(disease)
hsa-mir-20a,0.04180318365164051,0.006285324771616036,-0.5096153846153846,-0.0073234898528062985,0.008240047652165749,0.0009165577993594501,16,26,large,higher_in_label0(control)
MGAT4B,0.043717048657633865,0.006797362735243781,-0.5048076923076923,-0.01542439549837155,0.0064329843861395996,-0.00899141111223195,16,26,large,higher_in_label0(control)
ADH4,0.043717048657633865,0.006797362735243781,-0.5048076923076923,-0.03725736007955518,0.0394150945437111,0.002157734464155925,16,26,large,higher_in_label0(control)
ELK1,0.043717048657633865,0.006797362735243781,-0.5048076923076923,-0.049403365115210894,0.049280181977609,-0.00012318313760189566,16,26,large,higher_in_label0(control)
GANAB,0.043717048657633865,0.006797362735243781,-0.5048076923076923,-0.020262500213644802,0.006407807378462675,-0.013854692835182127,16,26,large,higher_in_label0(control)
ATP6V1C2,0.043717048657633865,0.006797362735243781,0.5048076923076923,0.0633972362572368,-0.06569718889573664,-0.0022999526384998503,16,26,large,higher_in_label1(disease)
GABRA1,0.043717048657633865,0.006797362735243781,-0.5048076923076923,-0.0022688519152668004,0.0024000999870553005,0.0001312480717885,16,26,large,higher_in_label0(control)
TAS2R43,0.043717048657633865,0.006797362735243781,0.5048076923076923,0.018767832430056326,-0.0022059007932887,0.016561931636767627,16,26,large,higher_in_label1(disease)
UBAP1,0.043717048657633865,0.006797362735243781,0.5048076923076923,0.1277768149876733,-0.11802632891176022,0.009750486075913074,16,26,large,higher_in_label1(disease)
TAOK3,0.043717048657633865,0.006797362735243781,-0.5048076923076923,-0.03006821721230935,0.02800615721786775,-0.0020620599944416,16,26,large,higher_in_label0(control)
PRKCD,0.043717048657633865,0.006797362735243781,0.5048076923076923,0.10228354998215959,-0.10038903840495289,0.0018945115772067002,16,26,large,higher_in_label1(disease)
SFTPA1,0.043717048657633865,0.006797362735243781,-0.5048076923076923,-0.00897286408596205,0.012129479839048175,0.0031566157530861253,16,26,large,higher_in_label0(control)
TLR2,0.043717048657633865,0.006797362735243781,0.5048076923076923,0.06948461241082872,-0.051375015585568645,0.018109596825260074,16,26,large,higher_in_label1(disease)
TNKS,0.043717048657633865,0.006797362735243781,-0.5048076923076923,-0.03043842497299303,0.030721416088416498,0.0002829911154234678,16,26,large,higher_in_label0(control)
FGD1,0.04665723993953163,0.007346581979429012,-0.5,-0.0111903086850866,0.01111904650111065,-7.126218397595003e-05,16,26,large,higher_in_label0(control)
RAG2,0.04665723993953163,0.007346581979429012,0.5,2.157124794637896e-05,-2.1196156641677312e-05,3.750913047016473e-07,16,26,large,higher_in_label1(disease)
TGIF1,0.04665723993953163,0.007346581979429012,0.5,0.012791467575834914,-0.012766718471727974,2.474910410693989e-05,16,26,large,higher_in_label1(disease)
MOGS,0.04665723993953163,0.007346581979429012,0.5,0.014256577157156575,-0.0072097323274780255,0.00704684482967855,16,26,large,higher_in_label1(disease)
RASAL2,0.04665723993953163,0.007346581979429012,0.5,0.047513152560441446,-0.05568329524447072,-0.008170142684029276,16,26,large,higher_in_label1(disease)
IQGAP2,0.048924618412949525,0.007935287359006414,-0.4951923076923077,-0.016197236532419473,0.016954710649010274,0.0007574741165908,16,26,large,higher_in_label0(control)
DYNC1LI2,0.048924618412949525,0.007935287359006414,-0.4951923076923077,-0.017808987606062227,0.018137203801285,0.000328216195222775,16,26,large,higher_in_label0(control)
DRD5,0.048924618412949525,0.007935287359006414,0.4951923076923077,0.006689233508323626,-0.008469514271024776,-0.00178028076270115,16,26,large,higher_in_label1(disease)
GAB1,0.048924618412949525,0.007935287359006414,0.4951923076923077,0.24757224524896054,-0.22984844248375852,0.017723802765202024,16,26,large,higher_in_label1(disease)
GNAT2,0.048924618412949525,0.007935287359006414,0.4951923076923077,0.024083504024424853,-0.0219695591142071,0.00211394491021775,16,26,large,higher_in_label1(disease)
ITGA4,0.048924618412949525,0.007935287359006414,0.4951923076923077,0.011862408648698473,-0.010769602246643924,0.00109280640205455,16,26,large,higher_in_label1(disease)
SMAD4,0.048924618412949525,0.007935287359006414,-0.4951923076923077,-0.050068437310998075,0.04904277587585705,-0.001025661435141025,16,26,large,higher_in_label0(control)
WNT16,0.048924618412949525,0.007935287359006414,0.4951923076923077,0.005198205724075241,-0.0051192457327869,7.895999128834035e-05,16,26,large,higher_in_label1(disease)
PRKCSH,0.048924618412949525,0.007935287359006414,-0.4951923076923077,-0.016687053593466276,0.014514676949077375,-0.0021723766443889,16,26,large,higher_in_label0(control)
PLEKHG2,0.048924618412949525,0.007935287359006414,0.4951923076923077,0.01998444089613118,-0.019677701356105554,0.000306739540025625,16,26,large,higher_in_label1(disease)
SSRP1,0.048924618412949525,0.007935287359006414,-0.4951923076923077,-0.029917068493322277,0.025739502946873126,-0.00417756554644915,16,26,large,higher_in_label0(control)
PDHX,0.048924618412949525,0.007935287359006414,0.4951923076923077,0.013093619524306575,-0.010487783382093776,0.0026058361422128,16,26,large,higher_in_label1(disease)
